,nombre,precio,rating
0,Chamarra Anime Sword Art Online ,$399,Más relevantes
1,Playera Sword Art Online Asuna Yuuki ,$24,Calificación 4 de 5. 2 opiniones.
2,Sword Art Online - Yuuki Asuna Babydoll Cosplay Kawaii,$349,Calificación 5 de 5. 1 opiniones.
3,Playera Sword Art Online - Kirito Hombre Mujer,$21,","
4,Plantas Contra. Mochila Zombies De 3 Piezas Color 1,"$1,100",","
5,Wanhongyue Anime Sword Art Online Sao Mochila Con Estampado ,$183,","
6,Mochila Luminosa Sword Art Online Sao Cartoon Noctilucente S,$220,","
7,Tamaño 76 Shinigami Cosplay Sudadera Con Capucha Manga Larga,$13,","
8,Bolsa Tipo Cartera De Lona Anime Merchandise,"$559,63",","
9,Tr Sword Art Online Kirigaya Kazuto Cosplay Sudadera3,$93,","
10,"Mochila De Anime Tokyo Revengers, Mochilas Escolares, Bolsa Color 08","$1,034",","
11,Sword Art Online Kirigaya Kazuto Cosplay Sudadera W,$172,","
12,Funko Pop Kirito - Sword Art Online,"$539,64",","
13,Playera Sao Sword Art Online Kirito Asuna,$89,","
14,"Panini Manga Sao Progressive N.1, De Reki Hawakara. Serie Sword Art Online, Vol. 1. Editorial Panini, Tapa Blanda En Español, 2021","$565,05",","
15,Mochila De Lona Impresa De Anime Sao Sword Art Online,$94,","
16,Mochila Escolar De Dibujos Animados De Anime Sword Art Onlin,"$525,24",","
17,Mochila Luminosa Sword Art Online Sao Cartoon Noctilucente A,$87,","
18,Espada Dark Repulser De Lujo! Sword Art Online Kirito Sao,"$466,78",","
19,Funko Sword Art Online - Kirito #990,$77,","
20,Playera Sao Sword Art Online Asuna,"$572,51",","
21,Funko Pop Sword Art Online - Asuna #989,$95,Calificación 4.9 de 5. 40 opiniones.
22,"Sword Art Online Phantom Bullet: Sword Art Online Phantom Bullet, De Koutarou Yamada. Serie Sword Art Online Phantom Bullet, Vol. 4. Editorial Panini, Tapa Blanda, Edición 1 En Español, 2023","$609,95",Calificación 4.7 de 5. 17 opiniones.
23,"Poster Largo Sword Art Online, Asuna Y Kirito",$101,","
24,Kirito Sword Art Online Con Base Y Accesorios,"$298,50",Calificación 4.9 de 5. 15 opiniones.
25,Another Code: Recollection Nintendo Switch Video Juego,$49,Calificación 4.9 de 5. 23 opiniones.
26,Anime A Escoger Variado 50 Calcomanias Stickers Anime Manga,$298,Calificación 4.6 de 5. 851 opiniones.
27,Figura de acción  de Max Factory Figma,$18,Calificación 3 de 5. 6 opiniones.
28,"Panini Manga Sao Novels Aincrad N.2: Panini Manga Sao Novels Aincrad N.2, De Reki Kawahara. Serie Swor Art Online, Vol. 2. Editorial Panini, Tapa Blanda, Edición 1 En Español, 2021",$139,Calificación 5 de 5. 4 opiniones.
29,"Postal Conmemorativa, Original Sword Art Online ",$23,","
30,Funko Pop 73 - Whitney Houston,"$544,38",Calificación 5 de 5. 1 opiniones.
31,Anillo Sao Anime Sword Art Online Cosplay Kirito Inoxidable,$90,","
32,Funko Animation: Sao- Leafa #991,"$672,13",Calificación 3.7 de 5. 14 opiniones.
33,Sword Art Online - Novela Ligera A Elegir - Panini,$112,Calificación 5 de 5. 9 opiniones.
34,Sao Alicization Llavero Goma Anime Colgante Sword Art Online,"$672,13",","
35,Figura de acción  Freezer Golden BAN97617 de Bandai S.H. Figuarts,$112,Calificación 5 de 5. 4 opiniones.
36,Sword Art Online Alicization Lycoris Playstation 4,"$2,755",","
37,Funko Pop Asuna #993 Sword Art Online (kirito) Exclusive,$153,Calificación 5 de 5. 12 opiniones.
38,Sword Art Online Progressive - Panini - Manga A Elegir,$259,","
39,Espada Dark Repulser Kirito Sword Art Online Premium Acero,$15,Calificación 5 de 5. 3 opiniones.
40,Sword Art Online Asuna #989 Animation Funko Pop,$298,Calificación 5 de 5. 1 opiniones.
41,Figura de acción  Kirito de Funko Pop! Animation,$18,Calificación 4.9 de 5. 29 opiniones.
42, Figura Kirito Sao Sword Art Online Figma Max Factory,$279,","
43,Novela Sword Art Online Fairy Dance Volumen 3,$16,","
44,Funko Pop Animation: Sword Art Online - Kirito 990,"$189,05",","
45,Postal Conmemorativa Sao  Sword Art Online  ,$31,Calificación 4.6 de 5. 12 opiniones.
46,Alicia en el país de las maravillas Qposket Stories versión A Banpresto,$60,","
47,Funko Pop Kirito #82 Anime: Sword Art Online,$770,Calificación 5 de 5. 1 opiniones.
48,Sudadera Con Capucha Anime Sword Art Online Pullovers Tops M,"$525,24",Más relevantes
49,Sword Art Online Kirigaya Kazuto Cosplay Sudadera W,$87,Calificación 5 de 5. 2 opiniones.
50,Cuadro Decorativo Sao Sword Art Online Kirito Asuna,"$609,95",","
51,"Sword Art Online Progressive Vol 7, De Reki Kawahara / Kiseki Himura. Editorial Panini, Tapa Blanda En Español",$101,","
52,Sword Art Online - Mochila Asuna Kiriro Sinon Anime Kawaii Escolar Cosplay,$209,","
53,Playera Sao Kirito Asuna Anime Manga Sword Art Online Enviog,$34,","
54,Sudadera Anime Sao Sword Art Online Gorro,$175,Calificación 4.4 de 5. 11 opiniones.
55,Espadas Sao Foam Cosplay Sword Art Online Dark Repulser,$10,Calificación 4.6 de 5. 851 opiniones.
56,Playera Sword Art On Line Mediana. ,"$1,300",","
57,Anime A Escoger Variado 50 Calcomanias Stickers Anime Manga,$144,Calificación 5 de 5. 1 opiniones.
58,Sudaderas Con Capucha De Anime Sword Art Online Kawaii Yuuki,"$332,50",","
59,Figura Yuuki Asuna Tapón De Fideos | Sword Art Online,$55,Calificación 4.9 de 5. 9 opiniones.
60,Sword Art Online - Yuuki Asuna Babydoll Cosplay Kawaii,$450,","
61,Cartera De Sword Art Online (sao) ,$27,","
62,Sword Art Online Hollow Realization Ps4,"$1,051",","
63,Espadas Elucidator O Dark Repulser Sword Art Online Kirito,$175,Calificación 4.5 de 5. 2 opiniones.
64,"Sword Art Online Aincrad: Sword Art Online Aincrad, De Reki Kawahara., Vol. 2. Editorial Panini, Tapa Blanda En Español, 2019",$180,Calificación 5 de 5. 2 opiniones.
65,Sword Art Online Lost Song Para Ps4,$10,","
66,Playera Sword Art Online Logo Hombre,$98,Calificación 4.9 de 5. 7 opiniones.
67,"Panini Manga Sword Art Online Aincrad 1 Y 2: Panini Manga Sword Art Online Aincrad 1 Y 2, De Reki Kawahara. Serie Sword Art Online, Vol. 1-2. Editorial Panini, Tapa Blanda, Edición 1 En Español, 2022",$5,","
68,Katana Sword Art Online Kirigaya Kazuto Kirito Nueva Version,"$569,29",Calificación 4 de 5. 6 opiniones.
69,"Panini Manga Sao Progressive N.2, De Reki Kawahara., Vol. 2. Editorial Panini, Tapa Blanda, Edición 1 En Español, 2021",$94,","
70,Sudadera Sword Art Online S.a.o. ,$450,Calificación 4.8 de 5. 66 opiniones.
71,Sword Art Online Llavero Acrílico Original Japonés Sao,$27,","
72,"Sword Art Online Progressive, De Reki Kawahara., Vol. 4. Editorial Panini, Tapa Blanda En Español, 2021","$1,100",","
73,"Sword Art Online Girls Operation, De Reki Kawahara. Serie Sword Art Online Girls Operation, Vol. 3. Editorial Panini, Tapa Blanda En Español, 2019",$183,Calificación 5 de 5. 2 opiniones.
74,Funko Pop Asuna #989 Sword Art Online Sao,"$176,70",","
75,Cojin Almohada Alice Acostada Sexy Sword Art Online Anime,$10,","
76,Figura Saitama Chino Bootleg Ko One Punch Man Figma ,$575,Calificación 5 de 5. 1 opiniones.
77,Llavero Anime Sao Sword Art Online Espada Elucidator Kirito,$34,Calificación 5 de 5. 1 opiniones.
78,Figura Colección Asuna Yuuki Anime Sword Art Online Bikini ,"$1,049",Calificación 4.5 de 5. 4 opiniones.
79,"Sword Art Online: Sword Art Online Phantom Bullet, De Reki Kawahara. Serie Sword Art Online, Vol. 6. Editorial Panini, Tapa Blanda En Español, 2022",$174,Calificación 5 de 5. 5 opiniones.
80,Chamarra Sao Sword Art Online Kirito Anime Cosplay,"$132,05",Calificación 5 de 5. 1 opiniones.
81,"Sword Art Online Progressive Barcarolle of Froth, De Reki Kawahara., Vol. 2. Editorial Panini, Tapa Blanda En Español, 2022",$22,Calificación 5 de 5. 2 opiniones.
82,Figura Sega Sword Art Online The Movie - Asuna Premium,$572,","
83,Sword Art Online Sao Dije Decoracion Espada Kirito Plateado,$34,Calificación 5 de 5. 3 opiniones.
84,"Sword Art Online Progressive, De Reki Kawahara., Vol. 6. Editorial Panini, Tapa Blanda En Español, 2022",$235,","
85,Figuras Sword Art Online Figma Ko Varios Modelos,$14,","
86,Set 5 Cuadros Sword Art Online Anime Artistico Canvas Hogar,"$283,10",Calificación 5 de 5. 2 opiniones.
87,Sword Art Online Hollow Realization.-ps4,$47,","
88,Mini Peluche Almohada Kirito Sword Art Online (sao),"$3,797",","
